<?xml version="1.0" encoding="UTF-8"?>
<export version="E">
  <design>
    <source>C:\Users\sivas\Documents\Robotics\ORA_ControlBoard-main\ORA_ControlBoard-main\ORA_CONTROLBOARD_REV1\ORA_CONTROLBOARD_REV1.kicad_sch</source>
    <date>1/13/2024 3:55:22 PM</date>
    <tool>Eeschema 7.0.8</tool>
    <sheet number="1" name="/" tstamps="/">
      <title_block>
        <title/>
        <company/>
        <rev/>
        <date/>
        <source>ORA_CONTROLBOARD_REV1.kicad_sch</source>
        <comment number="1" value=""/>
        <comment number="2" value=""/>
        <comment number="3" value=""/>
        <comment number="4" value=""/>
        <comment number="5" value=""/>
        <comment number="6" value=""/>
        <comment number="7" value=""/>
        <comment number="8" value=""/>
        <comment number="9" value=""/>
      </title_block>
    </sheet>
  </design>
  <components>
    <comp ref="C1">
      <value>22uF</value>
      <footprint>Capacitor_SMD:C_0805_2012Metric_Pad1.18x1.45mm_HandSolder</footprint>
      <libsource lib="Device" part="C_Small" description="Unpolarized capacitor, small symbol"/>
      <property name="Sheetname" value=""/>
      <property name="Sheetfile" value="ORA_CONTROLBOARD_REV1.kicad_sch"/>
      <property name="ki_description" value="Unpolarized capacitor, small symbol"/>
      <property name="ki_keywords" value="capacitor cap"/>
      <sheetpath names="/" tstamps="/"/>
      <tstamps>143e97e7-2fbb-4099-955e-a8ccfad1deb6</tstamps>
    </comp>
    <comp ref="C2">
      <value>22uF</value>
      <footprint>Capacitor_SMD:C_0805_2012Metric_Pad1.18x1.45mm_HandSolder</footprint>
      <libsource lib="Device" part="C_Small" description="Unpolarized capacitor, small symbol"/>
      <property name="Sheetname" value=""/>
      <property name="Sheetfile" value="ORA_CONTROLBOARD_REV1.kicad_sch"/>
      <property name="ki_description" value="Unpolarized capacitor, small symbol"/>
      <property name="ki_keywords" value="capacitor cap"/>
      <sheetpath names="/" tstamps="/"/>
      <tstamps>1779b338-eccb-486e-935d-185c8c46ea04</tstamps>
    </comp>
    <comp ref="C3">
      <value>100nF</value>
      <footprint>Capacitor_SMD:C_0805_2012Metric_Pad1.18x1.45mm_HandSolder</footprint>
      <libsource lib="Device" part="C_Small" description="Unpolarized capacitor, small symbol"/>
      <property name="Sheetname" value=""/>
      <property name="Sheetfile" value="ORA_CONTROLBOARD_REV1.kicad_sch"/>
      <property name="ki_description" value="Unpolarized capacitor, small symbol"/>
      <property name="ki_keywords" value="capacitor cap"/>
      <sheetpath names="/" tstamps="/"/>
      <tstamps>bf32023c-803f-4a97-8e6b-03c55d1d79e7</tstamps>
    </comp>
    <comp ref="C4">
      <value>1uF</value>
      <footprint>Capacitor_SMD:C_0805_2012Metric_Pad1.18x1.45mm_HandSolder</footprint>
      <libsource lib="Device" part="C_Small" description="Unpolarized capacitor, small symbol"/>
      <property name="Sheetname" value=""/>
      <property name="Sheetfile" value="ORA_CONTROLBOARD_REV1.kicad_sch"/>
      <property name="ki_description" value="Unpolarized capacitor, small symbol"/>
      <property name="ki_keywords" value="capacitor cap"/>
      <sheetpath names="/" tstamps="/"/>
      <tstamps>2b9aedda-683d-4d98-b39a-82666a6e210e</tstamps>
    </comp>
    <comp ref="C5">
      <value>100nF</value>
      <footprint>Capacitor_SMD:C_0805_2012Metric_Pad1.18x1.45mm_HandSolder</footprint>
      <libsource lib="Device" part="C_Small" description="Unpolarized capacitor, small symbol"/>
      <property name="Sheetname" value=""/>
      <property name="Sheetfile" value="ORA_CONTROLBOARD_REV1.kicad_sch"/>
      <property name="ki_description" value="Unpolarized capacitor, small symbol"/>
      <property name="ki_keywords" value="capacitor cap"/>
      <sheetpath names="/" tstamps="/"/>
      <tstamps>8d4758d4-7178-44b7-8ea9-7876aa9434d5</tstamps>
    </comp>
    <comp ref="C6">
      <value>100nF</value>
      <footprint>Capacitor_SMD:C_0805_2012Metric_Pad1.18x1.45mm_HandSolder</footprint>
      <libsource lib="Device" part="C_Small" description="Unpolarized capacitor, small symbol"/>
      <property name="Sheetname" value=""/>
      <property name="Sheetfile" value="ORA_CONTROLBOARD_REV1.kicad_sch"/>
      <property name="ki_description" value="Unpolarized capacitor, small symbol"/>
      <property name="ki_keywords" value="capacitor cap"/>
      <sheetpath names="/" tstamps="/"/>
      <tstamps>16081a2c-3fd4-4dfb-9dc1-8f4033ff035e</tstamps>
    </comp>
    <comp ref="C7">
      <value>10uF</value>
      <footprint>Capacitor_SMD:C_0805_2012Metric_Pad1.18x1.45mm_HandSolder</footprint>
      <libsource lib="Device" part="C_Small" description="Unpolarized capacitor, small symbol"/>
      <property name="Sheetname" value=""/>
      <property name="Sheetfile" value="ORA_CONTROLBOARD_REV1.kicad_sch"/>
      <property name="ki_description" value="Unpolarized capacitor, small symbol"/>
      <property name="ki_keywords" value="capacitor cap"/>
      <sheetpath names="/" tstamps="/"/>
      <tstamps>b5772375-a90e-40d4-8eec-3ecf5afa8d40</tstamps>
    </comp>
    <comp ref="C8">
      <value>100nF</value>
      <footprint>Capacitor_SMD:C_0805_2012Metric_Pad1.18x1.45mm_HandSolder</footprint>
      <libsource lib="Device" part="C_Small" description="Unpolarized capacitor, small symbol"/>
      <property name="Sheetname" value=""/>
      <property name="Sheetfile" value="ORA_CONTROLBOARD_REV1.kicad_sch"/>
      <property name="ki_description" value="Unpolarized capacitor, small symbol"/>
      <property name="ki_keywords" value="capacitor cap"/>
      <sheetpath names="/" tstamps="/"/>
      <tstamps>4d2fd1d7-3174-459d-aaad-5a79e2c534fb</tstamps>
    </comp>
    <comp ref="C9">
      <value>22uF</value>
      <footprint>Capacitor_SMD:C_0805_2012Metric_Pad1.18x1.45mm_HandSolder</footprint>
      <libsource lib="Device" part="C_Small" description="Unpolarized capacitor, small symbol"/>
      <property name="Sheetname" value=""/>
      <property name="Sheetfile" value="ORA_CONTROLBOARD_REV1.kicad_sch"/>
      <property name="ki_description" value="Unpolarized capacitor, small symbol"/>
      <property name="ki_keywords" value="capacitor cap"/>
      <sheetpath names="/" tstamps="/"/>
      <tstamps>a1af03a1-df07-42f0-93da-787a752b697e</tstamps>
    </comp>
    <comp ref="C10">
      <value>22uF</value>
      <footprint>Capacitor_SMD:C_0805_2012Metric_Pad1.18x1.45mm_HandSolder</footprint>
      <libsource lib="Device" part="C_Small" description="Unpolarized capacitor, small symbol"/>
      <property name="Sheetname" value=""/>
      <property name="Sheetfile" value="ORA_CONTROLBOARD_REV1.kicad_sch"/>
      <property name="ki_description" value="Unpolarized capacitor, small symbol"/>
      <property name="ki_keywords" value="capacitor cap"/>
      <sheetpath names="/" tstamps="/"/>
      <tstamps>4c9eb9e7-6a87-43ab-81ed-a0fe9634d705</tstamps>
    </comp>
    <comp ref="C11">
      <value>10nF</value>
      <footprint>Capacitor_SMD:C_0805_2012Metric_Pad1.18x1.45mm_HandSolder</footprint>
      <libsource lib="Device" part="C_Small" description="Unpolarized capacitor, small symbol"/>
      <property name="Sheetname" value=""/>
      <property name="Sheetfile" value="ORA_CONTROLBOARD_REV1.kicad_sch"/>
      <property name="ki_description" value="Unpolarized capacitor, small symbol"/>
      <property name="ki_keywords" value="capacitor cap"/>
      <sheetpath names="/" tstamps="/"/>
      <tstamps>062ef36b-8133-4899-a006-a26736de97af</tstamps>
    </comp>
    <comp ref="C12">
      <value>100uF</value>
      <footprint>Capacitor_SMD:C_0805_2012Metric_Pad1.18x1.45mm_HandSolder</footprint>
      <libsource lib="Device" part="C_Small" description="Unpolarized capacitor, small symbol"/>
      <property name="Sheetname" value=""/>
      <property name="Sheetfile" value="ORA_CONTROLBOARD_REV1.kicad_sch"/>
      <property name="ki_description" value="Unpolarized capacitor, small symbol"/>
      <property name="ki_keywords" value="capacitor cap"/>
      <sheetpath names="/" tstamps="/"/>
      <tstamps>998fc793-0d61-498e-b3ed-c977827cc132</tstamps>
    </comp>
    <comp ref="C13">
      <value>22uF</value>
      <footprint>Capacitor_SMD:C_0805_2012Metric_Pad1.18x1.45mm_HandSolder</footprint>
      <libsource lib="Device" part="C_Polarized_Small" description="Polarized capacitor, small symbol"/>
      <property name="Sheetname" value=""/>
      <property name="Sheetfile" value="ORA_CONTROLBOARD_REV1.kicad_sch"/>
      <property name="ki_description" value="Polarized capacitor, small symbol"/>
      <property name="ki_keywords" value="cap capacitor"/>
      <sheetpath names="/" tstamps="/"/>
      <tstamps>beb18404-e3d5-496d-a192-6cb001f9f01c</tstamps>
    </comp>
    <comp ref="C14">
      <value>100nF</value>
      <footprint>Capacitor_SMD:C_0805_2012Metric_Pad1.18x1.45mm_HandSolder</footprint>
      <libsource lib="Device" part="C_Small" description="Unpolarized capacitor, small symbol"/>
      <property name="Sheetname" value=""/>
      <property name="Sheetfile" value="ORA_CONTROLBOARD_REV1.kicad_sch"/>
      <property name="ki_description" value="Unpolarized capacitor, small symbol"/>
      <property name="ki_keywords" value="capacitor cap"/>
      <sheetpath names="/" tstamps="/"/>
      <tstamps>eca96879-3bb7-47dd-b259-d9f6414decce</tstamps>
    </comp>
    <comp ref="C15">
      <value>1uF</value>
      <footprint>Capacitor_SMD:C_0805_2012Metric_Pad1.18x1.45mm_HandSolder</footprint>
      <libsource lib="Device" part="C_Small" description="Unpolarized capacitor, small symbol"/>
      <property name="Sheetname" value=""/>
      <property name="Sheetfile" value="ORA_CONTROLBOARD_REV1.kicad_sch"/>
      <property name="ki_description" value="Unpolarized capacitor, small symbol"/>
      <property name="ki_keywords" value="capacitor cap"/>
      <sheetpath names="/" tstamps="/"/>
      <tstamps>0198a802-0161-4493-8eb1-f3f13aaaac55</tstamps>
    </comp>
    <comp ref="D1">
      <value>rst</value>
      <footprint>Diode_SMD:D_0805_2012Metric_Pad1.15x1.40mm_HandSolder</footprint>
      <fields>
        <field name="Sim.Device">D</field>
        <field name="Sim.Pins">1=K 2=A</field>
      </fields>
      <libsource lib="Device" part="D_Small" description="Diode, small symbol"/>
      <property name="Sim.Device" value="D"/>
      <property name="Sim.Pins" value="1=K 2=A"/>
      <property name="Sheetname" value=""/>
      <property name="Sheetfile" value="ORA_CONTROLBOARD_REV1.kicad_sch"/>
      <property name="ki_description" value="Diode, small symbol"/>
      <property name="ki_keywords" value="diode"/>
      <sheetpath names="/" tstamps="/"/>
      <tstamps>d05a8b02-f4bc-4f7c-94c5-ddff4da6ec46</tstamps>
    </comp>
    <comp ref="D2">
      <value>LED_Small</value>
      <footprint>LED_SMD:LED_0805_2012Metric_Pad1.15x1.40mm_HandSolder</footprint>
      <libsource lib="Device" part="LED_Small" description="Light emitting diode, small symbol"/>
      <property name="Sheetname" value=""/>
      <property name="Sheetfile" value="ORA_CONTROLBOARD_REV1.kicad_sch"/>
      <property name="ki_description" value="Light emitting diode, small symbol"/>
      <property name="ki_keywords" value="LED diode light-emitting-diode"/>
      <sheetpath names="/" tstamps="/"/>
      <tstamps>8f9d1230-4956-4c95-bdea-2b980c5fe13b</tstamps>
    </comp>
    <comp ref="D4">
      <value>PWRIN</value>
      <footprint>Diode_SMD:D_0805_2012Metric_Pad1.15x1.40mm_HandSolder</footprint>
      <fields>
        <field name="Sim.Device">D</field>
        <field name="Sim.Pins">1=K 2=A</field>
      </fields>
      <libsource lib="Device" part="D_Small" description="Diode, small symbol"/>
      <property name="Sim.Device" value="D"/>
      <property name="Sim.Pins" value="1=K 2=A"/>
      <property name="Sheetname" value=""/>
      <property name="Sheetfile" value="ORA_CONTROLBOARD_REV1.kicad_sch"/>
      <property name="ki_description" value="Diode, small symbol"/>
      <property name="ki_keywords" value="diode"/>
      <sheetpath names="/" tstamps="/"/>
      <tstamps>24bb9017-95de-400a-ba7a-360676f542db</tstamps>
    </comp>
    <comp ref="D5">
      <value>IMU_LED</value>
      <footprint>LED_SMD:LED_0805_2012Metric_Pad1.15x1.40mm_HandSolder</footprint>
      <libsource lib="Device" part="LED_Small" description="Light emitting diode, small symbol"/>
      <property name="Sheetname" value=""/>
      <property name="Sheetfile" value="ORA_CONTROLBOARD_REV1.kicad_sch"/>
      <property name="ki_description" value="Light emitting diode, small symbol"/>
      <property name="ki_keywords" value="LED diode light-emitting-diode"/>
      <sheetpath names="/" tstamps="/"/>
      <tstamps>7c3ad180-8b3d-4cf6-9053-ec7b330d7e8c</tstamps>
    </comp>
    <comp ref="F1">
      <value>MF-MSMF050-2</value>
      <footprint>Fuse:Fuse_1812_4532Metric_Pad1.30x3.40mm_HandSolder</footprint>
      <libsource lib="Device" part="Polyfuse_Small" description="Resettable fuse, polymeric positive temperature coefficient, small symbol"/>
      <property name="Sheetname" value=""/>
      <property name="Sheetfile" value="ORA_CONTROLBOARD_REV1.kicad_sch"/>
      <property name="ki_description" value="Resettable fuse, polymeric positive temperature coefficient, small symbol"/>
      <property name="ki_keywords" value="resettable fuse PTC PPTC polyfuse polyswitch"/>
      <sheetpath names="/" tstamps="/"/>
      <tstamps>1a4b059d-6e31-4bde-824c-118be5bf425e</tstamps>
    </comp>
    <comp ref="H1">
      <value>MountingHole_Pad</value>
      <footprint>MountingHole:MountingHole_3.2mm_M3_DIN965_Pad</footprint>
      <libsource lib="Mechanical" part="MountingHole_Pad" description="Mounting Hole with connection"/>
      <property name="Sheetname" value=""/>
      <property name="Sheetfile" value="ORA_CONTROLBOARD_REV1.kicad_sch"/>
      <property name="ki_description" value="Mounting Hole with connection"/>
      <property name="ki_keywords" value="mounting hole"/>
      <sheetpath names="/" tstamps="/"/>
      <tstamps>65413665-c930-4e51-ab41-472e7b5f7347</tstamps>
    </comp>
    <comp ref="H2">
      <value>MountingHole_Pad</value>
      <footprint>MountingHole:MountingHole_3.2mm_M3_DIN965_Pad</footprint>
      <libsource lib="Mechanical" part="MountingHole_Pad" description="Mounting Hole with connection"/>
      <property name="Sheetname" value=""/>
      <property name="Sheetfile" value="ORA_CONTROLBOARD_REV1.kicad_sch"/>
      <property name="ki_description" value="Mounting Hole with connection"/>
      <property name="ki_keywords" value="mounting hole"/>
      <sheetpath names="/" tstamps="/"/>
      <tstamps>414a671f-2fc7-4cfc-9cec-abec36a5e539</tstamps>
    </comp>
    <comp ref="H3">
      <value>MountingHole_Pad</value>
      <footprint>MountingHole:MountingHole_3.2mm_M3_DIN965_Pad</footprint>
      <libsource lib="Mechanical" part="MountingHole_Pad" description="Mounting Hole with connection"/>
      <property name="Sheetname" value=""/>
      <property name="Sheetfile" value="ORA_CONTROLBOARD_REV1.kicad_sch"/>
      <property name="ki_description" value="Mounting Hole with connection"/>
      <property name="ki_keywords" value="mounting hole"/>
      <sheetpath names="/" tstamps="/"/>
      <tstamps>6fe22d49-cbb3-4c55-8813-2068453211ad</tstamps>
    </comp>
    <comp ref="H4">
      <value>MountingHole_Pad</value>
      <footprint>MountingHole:MountingHole_3.2mm_M3_DIN965_Pad</footprint>
      <libsource lib="Mechanical" part="MountingHole_Pad" description="Mounting Hole with connection"/>
      <property name="Sheetname" value=""/>
      <property name="Sheetfile" value="ORA_CONTROLBOARD_REV1.kicad_sch"/>
      <property name="ki_description" value="Mounting Hole with connection"/>
      <property name="ki_keywords" value="mounting hole"/>
      <sheetpath names="/" tstamps="/"/>
      <tstamps>031371d1-1dfa-40b0-936b-46ef5dcd3899</tstamps>
    </comp>
    <comp ref="J1">
      <value>CAN</value>
      <footprint>TerminalBlock_Phoenix:TerminalBlock_Phoenix_MKDS-1,5-2_1x02_P5.00mm_Horizontal</footprint>
      <libsource lib="Connector" part="Screw_Terminal_01x02" description="Generic screw terminal, single row, 01x02, script generated (kicad-library-utils/schlib/autogen/connector/)"/>
      <property name="Sheetname" value=""/>
      <property name="Sheetfile" value="ORA_CONTROLBOARD_REV1.kicad_sch"/>
      <property name="ki_description" value="Generic screw terminal, single row, 01x02, script generated (kicad-library-utils/schlib/autogen/connector/)"/>
      <property name="ki_keywords" value="screw terminal"/>
      <sheetpath names="/" tstamps="/"/>
      <tstamps>39b25a9a-ca00-47cb-af72-48faf04c3fe5</tstamps>
    </comp>
    <comp ref="J2">
      <value>CAN</value>
      <footprint>TerminalBlock_Phoenix:TerminalBlock_Phoenix_MKDS-1,5-2_1x02_P5.00mm_Horizontal</footprint>
      <libsource lib="Connector" part="Screw_Terminal_01x02" description="Generic screw terminal, single row, 01x02, script generated (kicad-library-utils/schlib/autogen/connector/)"/>
      <property name="Sheetname" value=""/>
      <property name="Sheetfile" value="ORA_CONTROLBOARD_REV1.kicad_sch"/>
      <property name="ki_description" value="Generic screw terminal, single row, 01x02, script generated (kicad-library-utils/schlib/autogen/connector/)"/>
      <property name="ki_keywords" value="screw terminal"/>
      <sheetpath names="/" tstamps="/"/>
      <tstamps>79301c0d-8bc5-42a1-b7fd-77f65fd291d2</tstamps>
    </comp>
    <comp ref="J3">
      <value>USB_B_Micro</value>
      <footprint>Connector_USB:USB_Micro-B_Amphenol_10118194_Horizontal</footprint>
      <libsource lib="Connector" part="USB_B_Micro" description="USB Micro Type B connector"/>
      <property name="Sheetname" value=""/>
      <property name="Sheetfile" value="ORA_CONTROLBOARD_REV1.kicad_sch"/>
      <property name="ki_description" value="USB Micro Type B connector"/>
      <property name="ki_keywords" value="connector USB micro"/>
      <sheetpath names="/" tstamps="/"/>
      <tstamps>e57907be-d0c5-4cdc-8cc2-50b9babb9116</tstamps>
    </comp>
    <comp ref="J4">
      <value>12V</value>
      <footprint>Connector_BarrelJack:BarrelJack_Horizontal</footprint>
      <libsource lib="Connector" part="Barrel_Jack_MountingPin" description="DC Barrel Jack with a mounting pin"/>
      <property name="Sheetname" value=""/>
      <property name="Sheetfile" value="ORA_CONTROLBOARD_REV1.kicad_sch"/>
      <property name="ki_description" value="DC Barrel Jack with a mounting pin"/>
      <property name="ki_keywords" value="DC power barrel jack connector"/>
      <sheetpath names="/" tstamps="/"/>
      <tstamps>32b3b6a2-b85c-431e-b3a0-86b581c66c01</tstamps>
    </comp>
    <comp ref="J5">
      <value>CAN</value>
      <footprint>TerminalBlock_Phoenix:TerminalBlock_Phoenix_MKDS-1,5-2_1x02_P5.00mm_Horizontal</footprint>
      <libsource lib="Connector" part="Screw_Terminal_01x02" description="Generic screw terminal, single row, 01x02, script generated (kicad-library-utils/schlib/autogen/connector/)"/>
      <property name="Sheetname" value=""/>
      <property name="Sheetfile" value="ORA_CONTROLBOARD_REV1.kicad_sch"/>
      <property name="ki_description" value="Generic screw terminal, single row, 01x02, script generated (kicad-library-utils/schlib/autogen/connector/)"/>
      <property name="ki_keywords" value="screw terminal"/>
      <sheetpath names="/" tstamps="/"/>
      <tstamps>158a5c00-88af-4598-90f2-d52e15aad02d</tstamps>
    </comp>
    <comp ref="J6">
      <value>Conn_02x03_Top_Bottom</value>
      <footprint>Connector_PinHeader_2.54mm:PinHeader_2x03_P2.54mm_Vertical</footprint>
      <libsource lib="Connector_Generic" part="Conn_02x03_Top_Bottom" description="Generic connector, double row, 02x03, top/bottom pin numbering scheme (row 1: 1...pins_per_row, row2: pins_per_row+1 ... num_pins), script generated (kicad-library-utils/schlib/autogen/connector/)"/>
      <property name="Sheetname" value=""/>
      <property name="Sheetfile" value="ORA_CONTROLBOARD_REV1.kicad_sch"/>
      <property name="ki_description" value="Generic connector, double row, 02x03, top/bottom pin numbering scheme (row 1: 1...pins_per_row, row2: pins_per_row+1 ... num_pins), script generated (kicad-library-utils/schlib/autogen/connector/)"/>
      <property name="ki_keywords" value="connector"/>
      <sheetpath names="/" tstamps="/"/>
      <tstamps>85a2aebc-d5b5-406d-a1c5-71c3628d5cc7</tstamps>
    </comp>
    <comp ref="J7">
      <value>Conn_01x05_Pin</value>
      <footprint>Connector_PinHeader_2.54mm:PinHeader_1x05_P2.54mm_Vertical</footprint>
      <libsource lib="Connector" part="Conn_01x05_Pin" description="Generic connector, single row, 01x05, script generated"/>
      <property name="Sheetname" value=""/>
      <property name="Sheetfile" value="ORA_CONTROLBOARD_REV1.kicad_sch"/>
      <property name="ki_description" value="Generic connector, single row, 01x05, script generated"/>
      <property name="ki_keywords" value="connector"/>
      <sheetpath names="/" tstamps="/"/>
      <tstamps>377fac12-8932-41e7-8782-74a9b0079f57</tstamps>
    </comp>
    <comp ref="J8">
      <value>Conn_01x05_Pin</value>
      <footprint>Connector_PinHeader_2.54mm:PinHeader_1x05_P2.54mm_Vertical</footprint>
      <libsource lib="Connector" part="Conn_01x05_Pin" description="Generic connector, single row, 01x05, script generated"/>
      <property name="Sheetname" value=""/>
      <property name="Sheetfile" value="ORA_CONTROLBOARD_REV1.kicad_sch"/>
      <property name="ki_description" value="Generic connector, single row, 01x05, script generated"/>
      <property name="ki_keywords" value="connector"/>
      <sheetpath names="/" tstamps="/"/>
      <tstamps>0192efea-6e5d-4646-a182-fa513e4af542</tstamps>
    </comp>
    <comp ref="J9">
      <value>Stack Light</value>
      <footprint>TerminalBlock_Phoenix:TerminalBlock_Phoenix_MKDS-1,5-4_1x04_P5.00mm_Horizontal</footprint>
      <libsource lib="Connector" part="Screw_Terminal_01x04" description="Generic screw terminal, single row, 01x04, script generated (kicad-library-utils/schlib/autogen/connector/)"/>
      <property name="Sheetname" value=""/>
      <property name="Sheetfile" value="ORA_CONTROLBOARD_REV1.kicad_sch"/>
      <property name="ki_description" value="Generic screw terminal, single row, 01x04, script generated (kicad-library-utils/schlib/autogen/connector/)"/>
      <property name="ki_keywords" value="screw terminal"/>
      <sheetpath names="/" tstamps="/"/>
      <tstamps>afe6f96f-3a49-40b0-8639-3941d50e7687</tstamps>
    </comp>
    <comp ref="Q1">
      <value>BS170</value>
      <footprint>Package_TO_SOT_THT:TO-92_Inline</footprint>
      <datasheet>https://ngspice.sourceforge.io/docs/ngspice-manual.pdf</datasheet>
      <fields>
        <field name="Sim.Device">NMOS</field>
        <field name="Sim.Pins">1=D 2=G 3=S</field>
        <field name="Sim.Type">VDMOS</field>
      </fields>
      <libsource lib="Simulation_SPICE" part="NMOS" description="N-MOSFET transistor, drain/source/gate"/>
      <property name="Sim.Device" value="NMOS"/>
      <property name="Sim.Type" value="VDMOS"/>
      <property name="Sim.Pins" value="1=D 2=G 3=S"/>
      <property name="Sheetname" value=""/>
      <property name="Sheetfile" value="ORA_CONTROLBOARD_REV1.kicad_sch"/>
      <property name="ki_description" value="N-MOSFET transistor, drain/source/gate"/>
      <property name="ki_keywords" value="transistor NMOS N-MOS N-MOSFET simulation"/>
      <sheetpath names="/" tstamps="/"/>
      <tstamps>b59f9d48-7223-47f8-9d56-57147969f421</tstamps>
    </comp>
    <comp ref="Q2">
      <value>IRF9540N</value>
      <footprint>Package_TO_SOT_THT:TO-220-3_Vertical</footprint>
      <datasheet>https://ngspice.sourceforge.io/docs/ngspice-manual.pdf</datasheet>
      <fields>
        <field name="Sim.Device">PMOS</field>
        <field name="Sim.Pins">1=D 2=G 3=S</field>
        <field name="Sim.Type">VDMOS</field>
      </fields>
      <libsource lib="Simulation_SPICE" part="PMOS" description="P-MOSFET transistor, drain/source/gate"/>
      <property name="Sim.Device" value="PMOS"/>
      <property name="Sim.Type" value="VDMOS"/>
      <property name="Sim.Pins" value="1=D 2=G 3=S"/>
      <property name="Sheetname" value=""/>
      <property name="Sheetfile" value="ORA_CONTROLBOARD_REV1.kicad_sch"/>
      <property name="ki_description" value="P-MOSFET transistor, drain/source/gate"/>
      <property name="ki_keywords" value="transistor PMOS P-MOS P-MOSFET simulation"/>
      <sheetpath names="/" tstamps="/"/>
      <tstamps>9de617c7-5130-4acd-8a01-410e354938e1</tstamps>
    </comp>
    <comp ref="Q3">
      <value>BS170</value>
      <footprint>Package_TO_SOT_THT:TO-92_Inline</footprint>
      <datasheet>https://ngspice.sourceforge.io/docs/ngspice-manual.pdf</datasheet>
      <fields>
        <field name="Sim.Device">NMOS</field>
        <field name="Sim.Pins">1=D 2=G 3=S</field>
        <field name="Sim.Type">VDMOS</field>
      </fields>
      <libsource lib="Simulation_SPICE" part="NMOS" description="N-MOSFET transistor, drain/source/gate"/>
      <property name="Sim.Device" value="NMOS"/>
      <property name="Sim.Type" value="VDMOS"/>
      <property name="Sim.Pins" value="1=D 2=G 3=S"/>
      <property name="Sheetname" value=""/>
      <property name="Sheetfile" value="ORA_CONTROLBOARD_REV1.kicad_sch"/>
      <property name="ki_description" value="N-MOSFET transistor, drain/source/gate"/>
      <property name="ki_keywords" value="transistor NMOS N-MOS N-MOSFET simulation"/>
      <sheetpath names="/" tstamps="/"/>
      <tstamps>138960c5-a24d-431b-9184-61909bdd9bfa</tstamps>
    </comp>
    <comp ref="Q4">
      <value>IRF9540N</value>
      <footprint>Package_TO_SOT_THT:TO-220-3_Vertical</footprint>
      <datasheet>https://ngspice.sourceforge.io/docs/ngspice-manual.pdf</datasheet>
      <fields>
        <field name="Sim.Device">PMOS</field>
        <field name="Sim.Pins">1=D 2=G 3=S</field>
        <field name="Sim.Type">VDMOS</field>
      </fields>
      <libsource lib="Simulation_SPICE" part="PMOS" description="P-MOSFET transistor, drain/source/gate"/>
      <property name="Sim.Device" value="PMOS"/>
      <property name="Sim.Type" value="VDMOS"/>
      <property name="Sim.Pins" value="1=D 2=G 3=S"/>
      <property name="Sheetname" value=""/>
      <property name="Sheetfile" value="ORA_CONTROLBOARD_REV1.kicad_sch"/>
      <property name="ki_description" value="P-MOSFET transistor, drain/source/gate"/>
      <property name="ki_keywords" value="transistor PMOS P-MOS P-MOSFET simulation"/>
      <sheetpath names="/" tstamps="/"/>
      <tstamps>109955a9-31da-4657-a9c8-c78db8a33c6c</tstamps>
    </comp>
    <comp ref="Q5">
      <value>BS170</value>
      <footprint>Package_TO_SOT_THT:TO-92_Inline</footprint>
      <datasheet>https://ngspice.sourceforge.io/docs/ngspice-manual.pdf</datasheet>
      <fields>
        <field name="Sim.Device">NMOS</field>
        <field name="Sim.Pins">1=D 2=G 3=S</field>
        <field name="Sim.Type">VDMOS</field>
      </fields>
      <libsource lib="Simulation_SPICE" part="NMOS" description="N-MOSFET transistor, drain/source/gate"/>
      <property name="Sim.Device" value="NMOS"/>
      <property name="Sim.Type" value="VDMOS"/>
      <property name="Sim.Pins" value="1=D 2=G 3=S"/>
      <property name="Sheetname" value=""/>
      <property name="Sheetfile" value="ORA_CONTROLBOARD_REV1.kicad_sch"/>
      <property name="ki_description" value="N-MOSFET transistor, drain/source/gate"/>
      <property name="ki_keywords" value="transistor NMOS N-MOS N-MOSFET simulation"/>
      <sheetpath names="/" tstamps="/"/>
      <tstamps>cb3e949d-c099-4617-a27d-3c166fa0f54c</tstamps>
    </comp>
    <comp ref="Q6">
      <value>IRF9540N</value>
      <footprint>Package_TO_SOT_THT:TO-220-3_Vertical</footprint>
      <datasheet>https://ngspice.sourceforge.io/docs/ngspice-manual.pdf</datasheet>
      <fields>
        <field name="Sim.Device">PMOS</field>
        <field name="Sim.Pins">1=D 2=G 3=S</field>
        <field name="Sim.Type">VDMOS</field>
      </fields>
      <libsource lib="Simulation_SPICE" part="PMOS" description="P-MOSFET transistor, drain/source/gate"/>
      <property name="Sim.Device" value="PMOS"/>
      <property name="Sim.Type" value="VDMOS"/>
      <property name="Sim.Pins" value="1=D 2=G 3=S"/>
      <property name="Sheetname" value=""/>
      <property name="Sheetfile" value="ORA_CONTROLBOARD_REV1.kicad_sch"/>
      <property name="ki_description" value="P-MOSFET transistor, drain/source/gate"/>
      <property name="ki_keywords" value="transistor PMOS P-MOS P-MOSFET simulation"/>
      <sheetpath names="/" tstamps="/"/>
      <tstamps>639cd80b-8854-494f-8373-c604c935e8b6</tstamps>
    </comp>
    <comp ref="R1">
      <value>1M</value>
      <footprint>Resistor_SMD:R_0805_2012Metric_Pad1.20x1.40mm_HandSolder</footprint>
      <libsource lib="Device" part="R_Small" description="Resistor, small symbol"/>
      <property name="Sheetname" value=""/>
      <property name="Sheetfile" value="ORA_CONTROLBOARD_REV1.kicad_sch"/>
      <property name="ki_description" value="Resistor, small symbol"/>
      <property name="ki_keywords" value="R resistor"/>
      <sheetpath names="/" tstamps="/"/>
      <tstamps>45eeec58-c96d-4b76-96eb-806f42ac7c6d</tstamps>
    </comp>
    <comp ref="R2">
      <value>10k</value>
      <footprint>Resistor_SMD:R_0805_2012Metric_Pad1.20x1.40mm_HandSolder</footprint>
      <libsource lib="Device" part="R_Small" description="Resistor, small symbol"/>
      <property name="Sheetname" value=""/>
      <property name="Sheetfile" value="ORA_CONTROLBOARD_REV1.kicad_sch"/>
      <property name="ki_description" value="Resistor, small symbol"/>
      <property name="ki_keywords" value="R resistor"/>
      <sheetpath names="/" tstamps="/"/>
      <tstamps>455d0d86-4e1e-47b9-8d9c-47de6644fe8c</tstamps>
    </comp>
    <comp ref="R3">
      <value>10k</value>
      <footprint>Resistor_SMD:R_0805_2012Metric_Pad1.20x1.40mm_HandSolder</footprint>
      <libsource lib="Device" part="R_Small" description="Resistor, small symbol"/>
      <property name="Sheetname" value=""/>
      <property name="Sheetfile" value="ORA_CONTROLBOARD_REV1.kicad_sch"/>
      <property name="ki_description" value="Resistor, small symbol"/>
      <property name="ki_keywords" value="R resistor"/>
      <sheetpath names="/" tstamps="/"/>
      <tstamps>7b5eb4cc-98d3-4511-a741-7a13b4f69c90</tstamps>
    </comp>
    <comp ref="R4">
      <value>10k</value>
      <footprint>Resistor_SMD:R_0805_2012Metric_Pad1.20x1.40mm_HandSolder</footprint>
      <libsource lib="Device" part="R_Small" description="Resistor, small symbol"/>
      <property name="Sheetname" value=""/>
      <property name="Sheetfile" value="ORA_CONTROLBOARD_REV1.kicad_sch"/>
      <property name="ki_description" value="Resistor, small symbol"/>
      <property name="ki_keywords" value="R resistor"/>
      <sheetpath names="/" tstamps="/"/>
      <tstamps>60295641-891e-4e34-9cb5-082ca84a4f7c</tstamps>
    </comp>
    <comp ref="R5">
      <value>22</value>
      <footprint>Resistor_SMD:R_0805_2012Metric_Pad1.20x1.40mm_HandSolder</footprint>
      <libsource lib="Device" part="R_Small" description="Resistor, small symbol"/>
      <property name="Sheetname" value=""/>
      <property name="Sheetfile" value="ORA_CONTROLBOARD_REV1.kicad_sch"/>
      <property name="ki_description" value="Resistor, small symbol"/>
      <property name="ki_keywords" value="R resistor"/>
      <sheetpath names="/" tstamps="/"/>
      <tstamps>6c32f2ea-a19d-4575-88e9-65975c6daaf2</tstamps>
    </comp>
    <comp ref="R6">
      <value>22</value>
      <footprint>Resistor_SMD:R_0805_2012Metric_Pad1.20x1.40mm_HandSolder</footprint>
      <libsource lib="Device" part="R_Small" description="Resistor, small symbol"/>
      <property name="Sheetname" value=""/>
      <property name="Sheetfile" value="ORA_CONTROLBOARD_REV1.kicad_sch"/>
      <property name="ki_description" value="Resistor, small symbol"/>
      <property name="ki_keywords" value="R resistor"/>
      <sheetpath names="/" tstamps="/"/>
      <tstamps>3c96ef79-2f9d-4115-a597-278805fc2e73</tstamps>
    </comp>
    <comp ref="R7">
      <value>470</value>
      <footprint>Resistor_SMD:R_0805_2012Metric_Pad1.20x1.40mm_HandSolder</footprint>
      <libsource lib="Device" part="R_Small" description="Resistor, small symbol"/>
      <property name="Sheetname" value=""/>
      <property name="Sheetfile" value="ORA_CONTROLBOARD_REV1.kicad_sch"/>
      <property name="ki_description" value="Resistor, small symbol"/>
      <property name="ki_keywords" value="R resistor"/>
      <sheetpath names="/" tstamps="/"/>
      <tstamps>7dea7f33-ab4c-4e87-9e17-cd4aad116048</tstamps>
    </comp>
    <comp ref="R8">
      <value>2.2k</value>
      <footprint>Resistor_SMD:R_0805_2012Metric_Pad1.20x1.40mm_HandSolder</footprint>
      <libsource lib="Device" part="R" description="Resistor"/>
      <property name="Sheetname" value=""/>
      <property name="Sheetfile" value="ORA_CONTROLBOARD_REV1.kicad_sch"/>
      <property name="ki_description" value="Resistor"/>
      <property name="ki_keywords" value="R res resistor"/>
      <sheetpath names="/" tstamps="/"/>
      <tstamps>405655e9-fc58-4da8-80c5-ea0540751e40</tstamps>
    </comp>
    <comp ref="R9">
      <value>470</value>
      <footprint>Resistor_SMD:R_0805_2012Metric_Pad1.20x1.40mm_HandSolder</footprint>
      <libsource lib="Device" part="R_Small" description="Resistor, small symbol"/>
      <property name="Sheetname" value=""/>
      <property name="Sheetfile" value="ORA_CONTROLBOARD_REV1.kicad_sch"/>
      <property name="ki_description" value="Resistor, small symbol"/>
      <property name="ki_keywords" value="R resistor"/>
      <sheetpath names="/" tstamps="/"/>
      <tstamps>98b430d7-d467-4f9e-98bc-8a3adfc1bc54</tstamps>
    </comp>
    <comp ref="R10">
      <value>1.57k</value>
      <footprint>Resistor_SMD:R_0805_2012Metric_Pad1.20x1.40mm_HandSolder</footprint>
      <libsource lib="Device" part="R" description="Resistor"/>
      <property name="Sheetname" value=""/>
      <property name="Sheetfile" value="ORA_CONTROLBOARD_REV1.kicad_sch"/>
      <property name="ki_description" value="Resistor"/>
      <property name="ki_keywords" value="R res resistor"/>
      <sheetpath names="/" tstamps="/"/>
      <tstamps>7668358a-0125-4109-9d86-be0ccb7ae7c1</tstamps>
    </comp>
    <comp ref="R11">
      <value>1M</value>
      <footprint>Resistor_SMD:R_0805_2012Metric_Pad1.20x1.40mm_HandSolder</footprint>
      <libsource lib="Device" part="R_Small" description="Resistor, small symbol"/>
      <property name="Sheetname" value=""/>
      <property name="Sheetfile" value="ORA_CONTROLBOARD_REV1.kicad_sch"/>
      <property name="ki_description" value="Resistor, small symbol"/>
      <property name="ki_keywords" value="R resistor"/>
      <sheetpath names="/" tstamps="/"/>
      <tstamps>63dd0569-919b-4083-91b4-af0e6ab52b14</tstamps>
    </comp>
    <comp ref="R12">
      <value>10k</value>
      <footprint>Resistor_SMD:R_0805_2012Metric_Pad1.20x1.40mm_HandSolder</footprint>
      <libsource lib="Device" part="R_Small" description="Resistor, small symbol"/>
      <property name="Sheetname" value=""/>
      <property name="Sheetfile" value="ORA_CONTROLBOARD_REV1.kicad_sch"/>
      <property name="ki_description" value="Resistor, small symbol"/>
      <property name="ki_keywords" value="R resistor"/>
      <sheetpath names="/" tstamps="/"/>
      <tstamps>9c744e63-ba5e-4560-aded-c0aadca65bb1</tstamps>
    </comp>
    <comp ref="R13">
      <value>120</value>
      <footprint>Resistor_SMD:R_0805_2012Metric_Pad1.20x1.40mm_HandSolder</footprint>
      <libsource lib="Device" part="R_Small" description="Resistor, small symbol"/>
      <property name="Sheetname" value=""/>
      <property name="Sheetfile" value="ORA_CONTROLBOARD_REV1.kicad_sch"/>
      <property name="ki_description" value="Resistor, small symbol"/>
      <property name="ki_keywords" value="R resistor"/>
      <sheetpath names="/" tstamps="/"/>
      <tstamps>c9c84914-90bf-4e9f-9b05-4e5643548189</tstamps>
    </comp>
    <comp ref="R14">
      <value>10k</value>
      <footprint>Resistor_SMD:R_0805_2012Metric_Pad1.20x1.40mm_HandSolder</footprint>
      <libsource lib="Device" part="R" description="Resistor"/>
      <property name="Sheetname" value=""/>
      <property name="Sheetfile" value="ORA_CONTROLBOARD_REV1.kicad_sch"/>
      <property name="ki_description" value="Resistor"/>
      <property name="ki_keywords" value="R res resistor"/>
      <sheetpath names="/" tstamps="/"/>
      <tstamps>cf76dc89-7bde-46ba-9917-7666b222cc65</tstamps>
    </comp>
    <comp ref="R15">
      <value>10k</value>
      <footprint>Resistor_SMD:R_0805_2012Metric_Pad1.20x1.40mm_HandSolder</footprint>
      <libsource lib="Device" part="R" description="Resistor"/>
      <property name="Sheetname" value=""/>
      <property name="Sheetfile" value="ORA_CONTROLBOARD_REV1.kicad_sch"/>
      <property name="ki_description" value="Resistor"/>
      <property name="ki_keywords" value="R res resistor"/>
      <sheetpath names="/" tstamps="/"/>
      <tstamps>7f544440-47c7-4a8c-a732-07bc3e106a97</tstamps>
    </comp>
    <comp ref="R16">
      <value>1k</value>
      <footprint>Resistor_SMD:R_0805_2012Metric_Pad1.20x1.40mm_HandSolder</footprint>
      <libsource lib="Device" part="R" description="Resistor"/>
      <property name="Sheetname" value=""/>
      <property name="Sheetfile" value="ORA_CONTROLBOARD_REV1.kicad_sch"/>
      <property name="ki_description" value="Resistor"/>
      <property name="ki_keywords" value="R res resistor"/>
      <sheetpath names="/" tstamps="/"/>
      <tstamps>b500f908-ef40-4a76-87d4-ad6102830c46</tstamps>
    </comp>
    <comp ref="R17">
      <value>1k</value>
      <footprint>Resistor_SMD:R_0805_2012Metric_Pad1.20x1.40mm_HandSolder</footprint>
      <libsource lib="Device" part="R" description="Resistor"/>
      <property name="Sheetname" value=""/>
      <property name="Sheetfile" value="ORA_CONTROLBOARD_REV1.kicad_sch"/>
      <property name="ki_description" value="Resistor"/>
      <property name="ki_keywords" value="R res resistor"/>
      <sheetpath names="/" tstamps="/"/>
      <tstamps>9604d5d6-3657-4cbe-9dff-6435219dbcbf</tstamps>
    </comp>
    <comp ref="R18">
      <value>10k</value>
      <footprint>Resistor_SMD:R_0805_2012Metric_Pad1.20x1.40mm_HandSolder</footprint>
      <libsource lib="Device" part="R" description="Resistor"/>
      <property name="Sheetname" value=""/>
      <property name="Sheetfile" value="ORA_CONTROLBOARD_REV1.kicad_sch"/>
      <property name="ki_description" value="Resistor"/>
      <property name="ki_keywords" value="R res resistor"/>
      <sheetpath names="/" tstamps="/"/>
      <tstamps>880577ba-ddd0-48fc-9c8d-0f2dd72449cc</tstamps>
    </comp>
    <comp ref="R19">
      <value>10k</value>
      <footprint>Resistor_SMD:R_0805_2012Metric_Pad1.20x1.40mm_HandSolder</footprint>
      <libsource lib="Device" part="R" description="Resistor"/>
      <property name="Sheetname" value=""/>
      <property name="Sheetfile" value="ORA_CONTROLBOARD_REV1.kicad_sch"/>
      <property name="ki_description" value="Resistor"/>
      <property name="ki_keywords" value="R res resistor"/>
      <sheetpath names="/" tstamps="/"/>
      <tstamps>64e706bc-7bc8-405f-aee1-600de581251a</tstamps>
    </comp>
    <comp ref="R20">
      <value>1k</value>
      <footprint>Resistor_SMD:R_0805_2012Metric_Pad1.20x1.40mm_HandSolder</footprint>
      <libsource lib="Device" part="R" description="Resistor"/>
      <property name="Sheetname" value=""/>
      <property name="Sheetfile" value="ORA_CONTROLBOARD_REV1.kicad_sch"/>
      <property name="ki_description" value="Resistor"/>
      <property name="ki_keywords" value="R res resistor"/>
      <sheetpath names="/" tstamps="/"/>
      <tstamps>b8dfce17-86fc-493b-9e89-333bc3e9e2c7</tstamps>
    </comp>
    <comp ref="R21">
      <value>10k</value>
      <footprint>Resistor_SMD:R_0805_2012Metric_Pad1.20x1.40mm_HandSolder</footprint>
      <libsource lib="Device" part="R" description="Resistor"/>
      <property name="Sheetname" value=""/>
      <property name="Sheetfile" value="ORA_CONTROLBOARD_REV1.kicad_sch"/>
      <property name="ki_description" value="Resistor"/>
      <property name="ki_keywords" value="R res resistor"/>
      <sheetpath names="/" tstamps="/"/>
      <tstamps>8f7a73f1-c87c-45d0-a6e0-9752fe213e1b</tstamps>
    </comp>
    <comp ref="R22">
      <value>10k</value>
      <footprint>Resistor_SMD:R_0805_2012Metric_Pad1.20x1.40mm_HandSolder</footprint>
      <libsource lib="Device" part="R" description="Resistor"/>
      <property name="Sheetname" value=""/>
      <property name="Sheetfile" value="ORA_CONTROLBOARD_REV1.kicad_sch"/>
      <property name="ki_description" value="Resistor"/>
      <property name="ki_keywords" value="R res resistor"/>
      <sheetpath names="/" tstamps="/"/>
      <tstamps>06f3517e-45b0-4ef5-a14b-7dfb3c7e83bc</tstamps>
    </comp>
    <comp ref="SW1">
      <value>Reset</value>
      <footprint>Button_Switch_SMD:SW_SPST_TL3342</footprint>
      <libsource lib="Switch" part="SW_Push" description="Push button switch, generic, two pins"/>
      <property name="Sheetname" value=""/>
      <property name="Sheetfile" value="ORA_CONTROLBOARD_REV1.kicad_sch"/>
      <property name="ki_description" value="Push button switch, generic, two pins"/>
      <property name="ki_keywords" value="switch normally-open pushbutton push-button"/>
      <sheetpath names="/" tstamps="/"/>
      <tstamps>95bc7f3e-a7d7-4649-ad40-d70bcb193fe6</tstamps>
    </comp>
    <comp ref="U1">
      <value>ATmega32U4-A</value>
      <footprint>Package_QFP:TQFP-44_10x10mm_P0.8mm</footprint>
      <datasheet>http://ww1.microchip.com/downloads/en/DeviceDoc/Atmel-7766-8-bit-AVR-ATmega16U4-32U4_Datasheet.pdf</datasheet>
      <libsource lib="MCU_Microchip_ATmega" part="ATmega32U4-A" description="16MHz, 32kB Flash, 2.5kB SRAM, 1kB EEPROM, USB 2.0, TQFP-44"/>
      <property name="Sheetname" value=""/>
      <property name="Sheetfile" value="ORA_CONTROLBOARD_REV1.kicad_sch"/>
      <property name="ki_description" value="16MHz, 32kB Flash, 2.5kB SRAM, 1kB EEPROM, USB 2.0, TQFP-44"/>
      <property name="ki_keywords" value="AVR 8bit Microcontroller MegaAVR USB"/>
      <sheetpath names="/" tstamps="/"/>
      <tstamps>76b0e43f-a318-432a-b3d7-1d1aa34afde5</tstamps>
    </comp>
    <comp ref="U2">
      <value>MCP2515-xSO</value>
      <footprint>Package_SO:SOIC-18W_7.5x11.6mm_P1.27mm</footprint>
      <datasheet>http://ww1.microchip.com/downloads/en/DeviceDoc/21801e.pdf</datasheet>
      <libsource lib="Interface_CAN_LIN" part="MCP2515-xSO" description="Stand-Alone CAN Controller with SPI Interface, SOIC-18"/>
      <property name="Sheetname" value=""/>
      <property name="Sheetfile" value="ORA_CONTROLBOARD_REV1.kicad_sch"/>
      <property name="ki_description" value="Stand-Alone CAN Controller with SPI Interface, SOIC-18"/>
      <property name="ki_keywords" value="CAN Controller SPI"/>
      <sheetpath names="/" tstamps="/"/>
      <tstamps>36c02d11-1b12-423a-a292-50278b6b4751</tstamps>
    </comp>
    <comp ref="U3">
      <value>MCP2551-I-SN</value>
      <footprint>Package_SO:SOIC-8_3.9x4.9mm_P1.27mm</footprint>
      <datasheet>http://ww1.microchip.com/downloads/en/devicedoc/21667d.pdf</datasheet>
      <libsource lib="Interface_CAN_LIN" part="MCP2551-I-SN" description="High-Speed CAN Transceiver, 1Mbps, 5V supply, SOIC-8"/>
      <property name="Sheetname" value=""/>
      <property name="Sheetfile" value="ORA_CONTROLBOARD_REV1.kicad_sch"/>
      <property name="ki_description" value="High-Speed CAN Transceiver, 1Mbps, 5V supply, SOIC-8"/>
      <property name="ki_keywords" value="High-Speed CAN Transceiver"/>
      <sheetpath names="/" tstamps="/"/>
      <tstamps>686f2a83-f0bc-4084-8d80-b3fc96456549</tstamps>
    </comp>
    <comp ref="U5">
      <value>NCP1117-5.0_SOT223</value>
      <footprint>Package_TO_SOT_SMD:SOT-223-3_TabPin2</footprint>
      <datasheet>http://www.onsemi.com/pub_link/Collateral/NCP1117-D.PDF</datasheet>
      <libsource lib="Regulator_Linear" part="NCP1117-5.0_SOT223" description="1A Low drop-out regulator, Fixed Output 5V, SOT-223"/>
      <property name="Sheetname" value=""/>
      <property name="Sheetfile" value="ORA_CONTROLBOARD_REV1.kicad_sch"/>
      <property name="ki_description" value="1A Low drop-out regulator, Fixed Output 5V, SOT-223"/>
      <property name="ki_keywords" value="REGULATOR LDO 5V"/>
      <sheetpath names="/" tstamps="/"/>
      <tstamps>1cda5e44-1338-4012-9c66-b5c4f4c8dcf0</tstamps>
    </comp>
    <comp ref="U6">
      <value>IMU_MOUNT</value>
      <footprint>Custom_Parts:IMU_MOUNT</footprint>
      <libsource lib="CustomParts" part="IMU_MOUNT" description=""/>
      <property name="Sheetname" value=""/>
      <property name="Sheetfile" value="ORA_CONTROLBOARD_REV1.kicad_sch"/>
      <sheetpath names="/" tstamps="/"/>
      <tstamps>8bef1da0-1b45-4a77-916c-81aaea33411b</tstamps>
    </comp>
    <comp ref="Y1">
      <value>8Mhz</value>
      <footprint>Crystal:Crystal_HC49-4H_Vertical</footprint>
      <libsource lib="Device" part="Crystal" description="Two pin crystal"/>
      <property name="Sheetname" value=""/>
      <property name="Sheetfile" value="ORA_CONTROLBOARD_REV1.kicad_sch"/>
      <property name="ki_description" value="Two pin crystal"/>
      <property name="ki_keywords" value="quartz ceramic resonator oscillator"/>
      <sheetpath names="/" tstamps="/"/>
      <tstamps>2790b327-3151-41ba-bdd4-eeb30a41eb13</tstamps>
    </comp>
    <comp ref="Y2">
      <value>16MHz</value>
      <footprint>Crystal:Crystal_HC49-4H_Vertical</footprint>
      <libsource lib="Device" part="Crystal" description="Two pin crystal"/>
      <property name="Sheetname" value=""/>
      <property name="Sheetfile" value="ORA_CONTROLBOARD_REV1.kicad_sch"/>
      <property name="ki_description" value="Two pin crystal"/>
      <property name="ki_keywords" value="quartz ceramic resonator oscillator"/>
      <sheetpath names="/" tstamps="/"/>
      <tstamps>600b5b65-1dac-4aa5-8901-f660d52135c2</tstamps>
    </comp>
  </components>
  <libparts>
    <libpart lib="Connector" part="Barrel_Jack_MountingPin">
      <description>DC Barrel Jack with a mounting pin</description>
      <docs>~</docs>
      <footprints>
        <fp>BarrelJack*</fp>
      </footprints>
      <fields>
        <field name="Reference">J</field>
        <field name="Value">Barrel_Jack_MountingPin</field>
        <field name="Datasheet">~</field>
      </fields>
      <pins>
        <pin num="1" name="" type="passive"/>
        <pin num="2" name="" type="passive"/>
        <pin num="MP" name="MountPin" type="passive"/>
      </pins>
    </libpart>
    <libpart lib="Connector" part="Conn_01x05_Pin">
      <description>Generic connector, single row, 01x05, script generated</description>
      <docs>~</docs>
      <footprints>
        <fp>Connector*:*_1x??_*</fp>
      </footprints>
      <fields>
        <field name="Reference">J</field>
        <field name="Value">Conn_01x05_Pin</field>
        <field name="Datasheet">~</field>
      </fields>
      <pins>
        <pin num="1" name="Pin_1" type="passive"/>
        <pin num="2" name="Pin_2" type="passive"/>
        <pin num="3" name="Pin_3" type="passive"/>
        <pin num="4" name="Pin_4" type="passive"/>
        <pin num="5" name="Pin_5" type="passive"/>
      </pins>
    </libpart>
    <libpart lib="Connector" part="Screw_Terminal_01x02">
      <description>Generic screw terminal, single row, 01x02, script generated (kicad-library-utils/schlib/autogen/connector/)</description>
      <docs>~</docs>
      <footprints>
        <fp>TerminalBlock*:*</fp>
      </footprints>
      <fields>
        <field name="Reference">J</field>
        <field name="Value">Screw_Terminal_01x02</field>
        <field name="Datasheet">~</field>
      </fields>
      <pins>
        <pin num="1" name="Pin_1" type="passive"/>
        <pin num="2" name="Pin_2" type="passive"/>
      </pins>
    </libpart>
    <libpart lib="Connector" part="Screw_Terminal_01x04">
      <description>Generic screw terminal, single row, 01x04, script generated (kicad-library-utils/schlib/autogen/connector/)</description>
      <docs>~</docs>
      <footprints>
        <fp>TerminalBlock*:*</fp>
      </footprints>
      <fields>
        <field name="Reference">J</field>
        <field name="Value">Screw_Terminal_01x04</field>
        <field name="Datasheet">~</field>
      </fields>
      <pins>
        <pin num="1" name="Pin_1" type="passive"/>
        <pin num="2" name="Pin_2" type="passive"/>
        <pin num="3" name="Pin_3" type="passive"/>
        <pin num="4" name="Pin_4" type="passive"/>
      </pins>
    </libpart>
    <libpart lib="Connector" part="USB_B_Micro">
      <description>USB Micro Type B connector</description>
      <docs>~</docs>
      <footprints>
        <fp>USB*</fp>
      </footprints>
      <fields>
        <field name="Reference">J</field>
        <field name="Value">USB_B_Micro</field>
        <field name="Datasheet">~</field>
      </fields>
      <pins>
        <pin num="1" name="VBUS" type="power_out"/>
        <pin num="2" name="D-" type="bidirectional"/>
        <pin num="3" name="D+" type="bidirectional"/>
        <pin num="4" name="ID" type="passive"/>
        <pin num="5" name="GND" type="power_out"/>
        <pin num="6" name="Shield" type="passive"/>
      </pins>
    </libpart>
    <libpart lib="Connector_Generic" part="Conn_02x03_Top_Bottom">
      <description>Generic connector, double row, 02x03, top/bottom pin numbering scheme (row 1: 1...pins_per_row, row2: pins_per_row+1 ... num_pins), script generated (kicad-library-utils/schlib/autogen/connector/)</description>
      <docs>~</docs>
      <footprints>
        <fp>Connector*:*_2x??_*</fp>
      </footprints>
      <fields>
        <field name="Reference">J</field>
        <field name="Value">Conn_02x03_Top_Bottom</field>
        <field name="Datasheet">~</field>
      </fields>
      <pins>
        <pin num="1" name="Pin_1" type="passive"/>
        <pin num="2" name="Pin_2" type="passive"/>
        <pin num="3" name="Pin_3" type="passive"/>
        <pin num="4" name="Pin_4" type="passive"/>
        <pin num="5" name="Pin_5" type="passive"/>
        <pin num="6" name="Pin_6" type="passive"/>
      </pins>
    </libpart>
    <libpart lib="CustomParts" part="IMU_MOUNT">
      <fields>
        <field name="Reference">U</field>
      </fields>
      <pins>
        <pin num="1" name="PS0" type="input"/>
        <pin num="2" name="PS1" type="input"/>
        <pin num="3" name="INT" type="input"/>
        <pin num="4" name="ADR" type="input"/>
        <pin num="5" name="RST" type="input"/>
        <pin num="6" name="SCL" type="input"/>
        <pin num="7" name="SDA" type="input"/>
        <pin num="8" name="GND" type="input"/>
        <pin num="9" name="3Vo" type="input"/>
        <pin num="10" name="Vin" type="input"/>
      </pins>
    </libpart>
    <libpart lib="Device" part="C_Polarized_Small">
      <description>Polarized capacitor, small symbol</description>
      <docs>~</docs>
      <footprints>
        <fp>CP_*</fp>
      </footprints>
      <fields>
        <field name="Reference">C</field>
        <field name="Value">C_Polarized_Small</field>
        <field name="Datasheet">~</field>
      </fields>
      <pins>
        <pin num="1" name="" type="passive"/>
        <pin num="2" name="" type="passive"/>
      </pins>
    </libpart>
    <libpart lib="Device" part="C_Small">
      <description>Unpolarized capacitor, small symbol</description>
      <docs>~</docs>
      <footprints>
        <fp>C_*</fp>
      </footprints>
      <fields>
        <field name="Reference">C</field>
        <field name="Value">C_Small</field>
        <field name="Datasheet">~</field>
      </fields>
      <pins>
        <pin num="1" name="" type="passive"/>
        <pin num="2" name="" type="passive"/>
      </pins>
    </libpart>
    <libpart lib="Device" part="Crystal">
      <description>Two pin crystal</description>
      <docs>~</docs>
      <footprints>
        <fp>Crystal*</fp>
      </footprints>
      <fields>
        <field name="Reference">Y</field>
        <field name="Value">Crystal</field>
        <field name="Datasheet">~</field>
      </fields>
      <pins>
        <pin num="1" name="1" type="passive"/>
        <pin num="2" name="2" type="passive"/>
      </pins>
    </libpart>
    <libpart lib="Device" part="D_Small">
      <description>Diode, small symbol</description>
      <docs>~</docs>
      <footprints>
        <fp>TO-???*</fp>
        <fp>*_Diode_*</fp>
        <fp>*SingleDiode*</fp>
        <fp>D_*</fp>
      </footprints>
      <fields>
        <field name="Reference">D</field>
        <field name="Value">D_Small</field>
        <field name="Datasheet">~</field>
        <field name="Sim.Device">D</field>
        <field name="Sim.Pins">1=K 2=A</field>
      </fields>
      <pins>
        <pin num="1" name="K" type="passive"/>
        <pin num="2" name="A" type="passive"/>
      </pins>
    </libpart>
    <libpart lib="Device" part="LED_Small">
      <description>Light emitting diode, small symbol</description>
      <docs>~</docs>
      <footprints>
        <fp>LED*</fp>
        <fp>LED_SMD:*</fp>
        <fp>LED_THT:*</fp>
      </footprints>
      <fields>
        <field name="Reference">D</field>
        <field name="Value">LED_Small</field>
        <field name="Datasheet">~</field>
      </fields>
      <pins>
        <pin num="1" name="K" type="passive"/>
        <pin num="2" name="A" type="passive"/>
      </pins>
    </libpart>
    <libpart lib="Device" part="Polyfuse_Small">
      <description>Resettable fuse, polymeric positive temperature coefficient, small symbol</description>
      <docs>~</docs>
      <footprints>
        <fp>*polyfuse*</fp>
        <fp>*PTC*</fp>
      </footprints>
      <fields>
        <field name="Reference">F</field>
        <field name="Value">Polyfuse_Small</field>
        <field name="Datasheet">~</field>
      </fields>
      <pins>
        <pin num="1" name="" type="passive"/>
        <pin num="2" name="" type="passive"/>
      </pins>
    </libpart>
    <libpart lib="Device" part="R">
      <description>Resistor</description>
      <docs>~</docs>
      <footprints>
        <fp>R_*</fp>
      </footprints>
      <fields>
        <field name="Reference">R</field>
        <field name="Value">R</field>
        <field name="Datasheet">~</field>
      </fields>
      <pins>
        <pin num="1" name="" type="passive"/>
        <pin num="2" name="" type="passive"/>
      </pins>
    </libpart>
    <libpart lib="Device" part="R_Small">
      <description>Resistor, small symbol</description>
      <docs>~</docs>
      <footprints>
        <fp>R_*</fp>
      </footprints>
      <fields>
        <field name="Reference">R</field>
        <field name="Value">R_Small</field>
        <field name="Datasheet">~</field>
      </fields>
      <pins>
        <pin num="1" name="" type="passive"/>
        <pin num="2" name="" type="passive"/>
      </pins>
    </libpart>
    <libpart lib="Interface_CAN_LIN" part="MCP2515-xSO">
      <description>Stand-Alone CAN Controller with SPI Interface, SOIC-18</description>
      <docs>http://ww1.microchip.com/downloads/en/DeviceDoc/21801e.pdf</docs>
      <footprints>
        <fp>SOIC*7.5x11.6mm*P1.27mm*</fp>
      </footprints>
      <fields>
        <field name="Reference">U</field>
        <field name="Value">MCP2515-xSO</field>
        <field name="Footprint">Package_SO:SOIC-18W_7.5x11.6mm_P1.27mm</field>
        <field name="Datasheet">http://ww1.microchip.com/downloads/en/DeviceDoc/21801e.pdf</field>
      </fields>
      <pins>
        <pin num="1" name="TXCAN" type="output"/>
        <pin num="2" name="RXCAN" type="input"/>
        <pin num="3" name="CLKOUT/SOF" type="output"/>
        <pin num="4" name="~{TX0RTS}" type="input"/>
        <pin num="5" name="~{TX1RTS}" type="input"/>
        <pin num="6" name="~{TX2RTS}" type="input"/>
        <pin num="7" name="OSC2" type="output"/>
        <pin num="8" name="OSC1" type="input"/>
        <pin num="9" name="VSS" type="power_in"/>
        <pin num="10" name="~{RX1BF}" type="output"/>
        <pin num="11" name="~{RX0BF}" type="output"/>
        <pin num="12" name="~{INT}" type="output"/>
        <pin num="13" name="SCK" type="input"/>
        <pin num="14" name="SI" type="input"/>
        <pin num="15" name="SO" type="output"/>
        <pin num="16" name="~{CS}" type="input"/>
        <pin num="17" name="~{RESET}" type="input"/>
        <pin num="18" name="VDD" type="power_in"/>
      </pins>
    </libpart>
    <libpart lib="Interface_CAN_LIN" part="MCP2551-I-SN">
      <description>High-Speed CAN Transceiver, 1Mbps, 5V supply, SOIC-8</description>
      <docs>http://ww1.microchip.com/downloads/en/devicedoc/21667d.pdf</docs>
      <footprints>
        <fp>SOIC*3.9x4.9mm*P1.27mm*</fp>
      </footprints>
      <fields>
        <field name="Reference">U</field>
        <field name="Value">MCP2551-I-SN</field>
        <field name="Footprint">Package_SO:SOIC-8_3.9x4.9mm_P1.27mm</field>
        <field name="Datasheet">http://ww1.microchip.com/downloads/en/devicedoc/21667d.pdf</field>
      </fields>
      <pins>
        <pin num="1" name="TXD" type="input"/>
        <pin num="2" name="VSS" type="power_in"/>
        <pin num="3" name="VDD" type="power_in"/>
        <pin num="4" name="RXD" type="output"/>
        <pin num="5" name="Vref" type="power_out"/>
        <pin num="6" name="CANL" type="bidirectional"/>
        <pin num="7" name="CANH" type="bidirectional"/>
        <pin num="8" name="Rs" type="input"/>
      </pins>
    </libpart>
    <libpart lib="MCU_Microchip_ATmega" part="ATmega32U4-A">
      <description>16MHz, 32kB Flash, 2.5kB SRAM, 1kB EEPROM, USB 2.0, TQFP-44</description>
      <docs>http://ww1.microchip.com/downloads/en/DeviceDoc/Atmel-7766-8-bit-AVR-ATmega16U4-32U4_Datasheet.pdf</docs>
      <footprints>
        <fp>TQFP*10x10mm*P0.8mm*</fp>
      </footprints>
      <fields>
        <field name="Reference">U</field>
        <field name="Value">ATmega32U4-A</field>
        <field name="Footprint">Package_QFP:TQFP-44_10x10mm_P0.8mm</field>
        <field name="Datasheet">http://ww1.microchip.com/downloads/en/DeviceDoc/Atmel-7766-8-bit-AVR-ATmega16U4-32U4_Datasheet.pdf</field>
      </fields>
      <pins>
        <pin num="1" name="PE6" type="bidirectional"/>
        <pin num="2" name="UVCC" type="power_in"/>
        <pin num="3" name="D-" type="bidirectional"/>
        <pin num="4" name="D+" type="bidirectional"/>
        <pin num="5" name="UGND" type="passive"/>
        <pin num="6" name="UCAP" type="passive"/>
        <pin num="7" name="VBUS" type="input"/>
        <pin num="8" name="PB0" type="bidirectional"/>
        <pin num="9" name="PB1" type="bidirectional"/>
        <pin num="10" name="PB2" type="bidirectional"/>
        <pin num="11" name="PB3" type="bidirectional"/>
        <pin num="12" name="PB7" type="bidirectional"/>
        <pin num="13" name="~{RESET}" type="input"/>
        <pin num="14" name="VCC" type="power_in"/>
        <pin num="15" name="GND" type="power_in"/>
        <pin num="16" name="XTAL2" type="output"/>
        <pin num="17" name="XTAL1" type="input"/>
        <pin num="18" name="PD0" type="bidirectional"/>
        <pin num="19" name="PD1" type="bidirectional"/>
        <pin num="20" name="PD2" type="bidirectional"/>
        <pin num="21" name="PD3" type="bidirectional"/>
        <pin num="22" name="PD5" type="bidirectional"/>
        <pin num="23" name="GND" type="passive"/>
        <pin num="24" name="AVCC" type="power_in"/>
        <pin num="25" name="PD4" type="bidirectional"/>
        <pin num="26" name="PD6" type="bidirectional"/>
        <pin num="27" name="PD7" type="bidirectional"/>
        <pin num="28" name="PB4" type="bidirectional"/>
        <pin num="29" name="PB5" type="bidirectional"/>
        <pin num="30" name="PB6" type="bidirectional"/>
        <pin num="31" name="PC6" type="bidirectional"/>
        <pin num="32" name="PC7" type="bidirectional"/>
        <pin num="33" name="~{HWB}/PE2" type="bidirectional"/>
        <pin num="34" name="VCC" type="passive"/>
        <pin num="35" name="GND" type="passive"/>
        <pin num="36" name="PF7" type="bidirectional"/>
        <pin num="37" name="PF6" type="bidirectional"/>
        <pin num="38" name="PF5" type="bidirectional"/>
        <pin num="39" name="PF4" type="bidirectional"/>
        <pin num="40" name="PF1" type="bidirectional"/>
        <pin num="41" name="PF0" type="bidirectional"/>
        <pin num="42" name="AREF" type="passive"/>
        <pin num="43" name="GND" type="passive"/>
        <pin num="44" name="AVCC" type="passive"/>
      </pins>
    </libpart>
    <libpart lib="Mechanical" part="MountingHole_Pad">
      <description>Mounting Hole with connection</description>
      <docs>~</docs>
      <footprints>
        <fp>MountingHole*Pad*</fp>
      </footprints>
      <fields>
        <field name="Reference">H</field>
        <field name="Value">MountingHole_Pad</field>
        <field name="Datasheet">~</field>
      </fields>
      <pins>
        <pin num="1" name="1" type="input"/>
      </pins>
    </libpart>
    <libpart lib="Regulator_Linear" part="NCP1117-5.0_SOT223">
      <description>1A Low drop-out regulator, Fixed Output 5V, SOT-223</description>
      <docs>http://www.onsemi.com/pub_link/Collateral/NCP1117-D.PDF</docs>
      <footprints>
        <fp>SOT?223*TabPin2*</fp>
      </footprints>
      <fields>
        <field name="Reference">U</field>
        <field name="Value">NCP1117-5.0_SOT223</field>
        <field name="Footprint">Package_TO_SOT_SMD:SOT-223-3_TabPin2</field>
        <field name="Datasheet">http://www.onsemi.com/pub_link/Collateral/NCP1117-D.PDF</field>
      </fields>
      <pins>
        <pin num="1" name="GND" type="power_in"/>
        <pin num="2" name="VO" type="power_out"/>
        <pin num="3" name="VI" type="power_in"/>
      </pins>
    </libpart>
    <libpart lib="Simulation_SPICE" part="NMOS">
      <description>N-MOSFET transistor, drain/source/gate</description>
      <docs>https://ngspice.sourceforge.io/docs/ngspice-manual.pdf</docs>
      <fields>
        <field name="Reference">Q</field>
        <field name="Value">NMOS</field>
        <field name="Datasheet">https://ngspice.sourceforge.io/docs/ngspice-manual.pdf</field>
        <field name="Sim.Device">NMOS</field>
        <field name="Sim.Type">VDMOS</field>
        <field name="Sim.Pins">1=D 2=G 3=S</field>
      </fields>
      <pins>
        <pin num="1" name="D" type="passive"/>
        <pin num="2" name="G" type="input"/>
        <pin num="3" name="S" type="passive"/>
      </pins>
    </libpart>
    <libpart lib="Simulation_SPICE" part="PMOS">
      <description>P-MOSFET transistor, drain/source/gate</description>
      <docs>https://ngspice.sourceforge.io/docs/ngspice-manual.pdf</docs>
      <fields>
        <field name="Reference">Q</field>
        <field name="Value">PMOS</field>
        <field name="Datasheet">https://ngspice.sourceforge.io/docs/ngspice-manual.pdf</field>
        <field name="Sim.Device">PMOS</field>
        <field name="Sim.Type">VDMOS</field>
        <field name="Sim.Pins">1=D 2=G 3=S</field>
      </fields>
      <pins>
        <pin num="1" name="D" type="passive"/>
        <pin num="2" name="G" type="input"/>
        <pin num="3" name="S" type="passive"/>
      </pins>
    </libpart>
    <libpart lib="Switch" part="SW_Push">
      <description>Push button switch, generic, two pins</description>
      <docs>~</docs>
      <fields>
        <field name="Reference">SW</field>
        <field name="Value">SW_Push</field>
        <field name="Datasheet">~</field>
      </fields>
      <pins>
        <pin num="1" name="1" type="passive"/>
        <pin num="2" name="2" type="passive"/>
      </pins>
    </libpart>
  </libparts>
  <libraries>
    <library logical="Connector">
      <uri>C:\Program Files\KiCad\7.0\share\kicad\symbols\/Connector.kicad_sym</uri>
    </library>
    <library logical="Connector_Generic">
      <uri>C:\Program Files\KiCad\7.0\share\kicad\symbols\/Connector_Generic.kicad_sym</uri>
    </library>
    <library logical="CustomParts">
      <uri>C:\Users\sivas\Documents\Robotics\ORA_ControlBoard-main\ORA_ControlBoard-main\ORA_CONTROLBOARD_REV1/CustomParts.kicad_sym</uri>
    </library>
    <library logical="Device">
      <uri>C:\Program Files\KiCad\7.0\share\kicad\symbols\/Device.kicad_sym</uri>
    </library>
    <library logical="Interface_CAN_LIN">
      <uri>C:\Program Files\KiCad\7.0\share\kicad\symbols\/Interface_CAN_LIN.kicad_sym</uri>
    </library>
    <library logical="MCU_Microchip_ATmega">
      <uri>C:\Program Files\KiCad\7.0\share\kicad\symbols\/MCU_Microchip_ATmega.kicad_sym</uri>
    </library>
    <library logical="Mechanical">
      <uri>C:\Program Files\KiCad\7.0\share\kicad\symbols\/Mechanical.kicad_sym</uri>
    </library>
    <library logical="Regulator_Linear">
      <uri>C:\Program Files\KiCad\7.0\share\kicad\symbols\/Regulator_Linear.kicad_sym</uri>
    </library>
    <library logical="Simulation_SPICE">
      <uri>C:\Program Files\KiCad\7.0\share\kicad\symbols\/Simulation_SPICE.kicad_sym</uri>
    </library>
    <library logical="Switch">
      <uri>C:\Program Files\KiCad\7.0\share\kicad\symbols\/Switch.kicad_sym</uri>
    </library>
  </libraries>
  <nets>
    <net code="1" name="(USB) D+">
      <node ref="J3" pin="3" pinfunction="D+" pintype="bidirectional"/>
      <node ref="R5" pin="1" pintype="passive"/>
    </net>
    <net code="2" name="(USB) D-">
      <node ref="J3" pin="2" pinfunction="D-" pintype="bidirectional"/>
      <node ref="R6" pin="2" pintype="passive"/>
    </net>
    <net code="3" name="+5V">
      <node ref="C12" pin="2" pintype="passive"/>
      <node ref="C13" pin="1" pintype="passive"/>
      <node ref="C15" pin="1" pintype="passive"/>
      <node ref="C5" pin="1" pintype="passive"/>
      <node ref="C6" pin="1" pintype="passive"/>
      <node ref="C8" pin="1" pintype="passive"/>
      <node ref="D1" pin="1" pinfunction="K" pintype="passive"/>
      <node ref="J6" pin="2" pinfunction="Pin_2" pintype="passive"/>
      <node ref="R3" pin="2" pintype="passive"/>
      <node ref="R7" pin="1" pintype="passive"/>
      <node ref="R9" pin="1" pintype="passive"/>
      <node ref="U1" pin="14" pinfunction="VCC" pintype="power_in"/>
      <node ref="U1" pin="2" pinfunction="UVCC" pintype="power_in"/>
      <node ref="U1" pin="24" pinfunction="AVCC" pintype="power_in"/>
      <node ref="U1" pin="34" pinfunction="VCC" pintype="passive"/>
      <node ref="U1" pin="44" pinfunction="AVCC" pintype="passive"/>
      <node ref="U2" pin="18" pinfunction="VDD" pintype="power_in"/>
      <node ref="U3" pin="3" pinfunction="VDD" pintype="power_in"/>
      <node ref="U5" pin="2" pinfunction="VO" pintype="power_out"/>
      <node ref="U6" pin="10" pinfunction="Vin" pintype="input"/>
    </net>
    <net code="4" name="A0">
      <node ref="J8" pin="5" pinfunction="Pin_5" pintype="passive"/>
      <node ref="U1" pin="36" pinfunction="PF7" pintype="bidirectional"/>
    </net>
    <net code="5" name="A1">
      <node ref="J8" pin="4" pinfunction="Pin_4" pintype="passive"/>
      <node ref="U1" pin="37" pinfunction="PF6" pintype="bidirectional"/>
    </net>
    <net code="6" name="A2">
      <node ref="J8" pin="3" pinfunction="Pin_3" pintype="passive"/>
      <node ref="U1" pin="38" pinfunction="PF5" pintype="bidirectional"/>
    </net>
    <net code="7" name="A3">
      <node ref="J8" pin="2" pinfunction="Pin_2" pintype="passive"/>
      <node ref="U1" pin="39" pinfunction="PF4" pintype="bidirectional"/>
    </net>
    <net code="8" name="A4">
      <node ref="J8" pin="1" pinfunction="Pin_1" pintype="passive"/>
      <node ref="U1" pin="40" pinfunction="PF1" pintype="bidirectional"/>
    </net>
    <net code="9" name="CAN_CS">
      <node ref="U1" pin="28" pinfunction="PB4" pintype="bidirectional"/>
      <node ref="U2" pin="16" pinfunction="~{CS}" pintype="input"/>
    </net>
    <net code="10" name="CAN_H">
      <node ref="J1" pin="2" pinfunction="Pin_2" pintype="passive"/>
      <node ref="J2" pin="2" pinfunction="Pin_2" pintype="passive"/>
      <node ref="J5" pin="2" pinfunction="Pin_2" pintype="passive"/>
      <node ref="R13" pin="1" pintype="passive"/>
      <node ref="U3" pin="7" pinfunction="CANH" pintype="bidirectional"/>
    </net>
    <net code="11" name="CAN_INT">
      <node ref="U1" pin="29" pinfunction="PB5" pintype="bidirectional"/>
      <node ref="U2" pin="12" pinfunction="~{INT}" pintype="output"/>
    </net>
    <net code="12" name="CAN_L">
      <node ref="J1" pin="1" pinfunction="Pin_1" pintype="passive"/>
      <node ref="J2" pin="1" pinfunction="Pin_1" pintype="passive"/>
      <node ref="J5" pin="1" pinfunction="Pin_1" pintype="passive"/>
      <node ref="R13" pin="2" pintype="passive"/>
      <node ref="U3" pin="6" pinfunction="CANL" pintype="bidirectional"/>
    </net>
    <net code="13" name="CAN_SCK">
      <node ref="J6" pin="3" pinfunction="Pin_3" pintype="passive"/>
      <node ref="U1" pin="9" pinfunction="PB1" pintype="bidirectional"/>
      <node ref="U2" pin="13" pinfunction="SCK" pintype="input"/>
    </net>
    <net code="14" name="CAN_SI">
      <node ref="J6" pin="4" pinfunction="Pin_4" pintype="passive"/>
      <node ref="U1" pin="10" pinfunction="PB2" pintype="bidirectional"/>
      <node ref="U2" pin="14" pinfunction="SI" pintype="input"/>
    </net>
    <net code="15" name="CAN_SO">
      <node ref="J6" pin="1" pinfunction="Pin_1" pintype="passive"/>
      <node ref="U1" pin="11" pinfunction="PB3" pintype="bidirectional"/>
      <node ref="U2" pin="15" pinfunction="SO" pintype="output"/>
    </net>
    <net code="16" name="D+">
      <node ref="R5" pin="2" pintype="passive"/>
      <node ref="U1" pin="4" pinfunction="D+" pintype="bidirectional"/>
    </net>
    <net code="17" name="D-">
      <node ref="R6" pin="1" pintype="passive"/>
      <node ref="U1" pin="3" pinfunction="D-" pintype="bidirectional"/>
    </net>
    <net code="18" name="D0">
      <node ref="J7" pin="1" pinfunction="Pin_1" pintype="passive"/>
      <node ref="U1" pin="20" pinfunction="PD2" pintype="bidirectional"/>
    </net>
    <net code="19" name="D1">
      <node ref="J7" pin="2" pinfunction="Pin_2" pintype="passive"/>
      <node ref="U1" pin="21" pinfunction="PD3" pintype="bidirectional"/>
    </net>
    <net code="20" name="D5">
      <node ref="J7" pin="4" pinfunction="Pin_4" pintype="passive"/>
      <node ref="U1" pin="31" pinfunction="PC6" pintype="bidirectional"/>
    </net>
    <net code="21" name="D10">
      <node ref="J7" pin="3" pinfunction="Pin_3" pintype="passive"/>
      <node ref="U1" pin="30" pinfunction="PB6" pintype="bidirectional"/>
    </net>
    <net code="22" name="D13">
      <node ref="J7" pin="5" pinfunction="Pin_5" pintype="passive"/>
      <node ref="U1" pin="32" pinfunction="PC7" pintype="bidirectional"/>
    </net>
    <net code="23" name="GND">
      <node ref="C1" pin="1" pintype="passive"/>
      <node ref="C10" pin="2" pintype="passive"/>
      <node ref="C11" pin="1" pintype="passive"/>
      <node ref="C12" pin="1" pintype="passive"/>
      <node ref="C13" pin="2" pintype="passive"/>
      <node ref="C14" pin="1" pintype="passive"/>
      <node ref="C15" pin="2" pintype="passive"/>
      <node ref="C2" pin="2" pintype="passive"/>
      <node ref="C3" pin="1" pintype="passive"/>
      <node ref="C4" pin="1" pintype="passive"/>
      <node ref="C5" pin="2" pintype="passive"/>
      <node ref="C6" pin="2" pintype="passive"/>
      <node ref="C7" pin="2" pintype="passive"/>
      <node ref="C8" pin="2" pintype="passive"/>
      <node ref="C9" pin="1" pintype="passive"/>
      <node ref="D2" pin="1" pinfunction="K" pintype="passive"/>
      <node ref="D5" pin="1" pinfunction="K" pintype="passive"/>
      <node ref="J3" pin="5" pinfunction="GND" pintype="power_out"/>
      <node ref="J3" pin="6" pinfunction="Shield" pintype="passive"/>
      <node ref="J4" pin="2" pintype="passive"/>
      <node ref="J6" pin="6" pinfunction="Pin_6" pintype="passive"/>
      <node ref="J9" pin="1" pinfunction="Pin_1" pintype="passive"/>
      <node ref="Q1" pin="3" pinfunction="S" pintype="passive"/>
      <node ref="Q3" pin="3" pinfunction="S" pintype="passive"/>
      <node ref="Q5" pin="3" pinfunction="S" pintype="passive"/>
      <node ref="R10" pin="1" pintype="passive"/>
      <node ref="R12" pin="2" pintype="passive"/>
      <node ref="R15" pin="2" pintype="passive"/>
      <node ref="R18" pin="2" pintype="passive"/>
      <node ref="R2" pin="1" pintype="passive"/>
      <node ref="R21" pin="2" pintype="passive"/>
      <node ref="R4" pin="2" pintype="passive"/>
      <node ref="SW1" pin="1" pinfunction="1" pintype="passive"/>
      <node ref="U1" pin="15" pinfunction="GND" pintype="power_in"/>
      <node ref="U1" pin="23" pinfunction="GND" pintype="passive"/>
      <node ref="U1" pin="35" pinfunction="GND" pintype="passive"/>
      <node ref="U1" pin="43" pinfunction="GND" pintype="passive"/>
      <node ref="U1" pin="5" pinfunction="UGND" pintype="passive"/>
      <node ref="U2" pin="9" pinfunction="VSS" pintype="power_in"/>
      <node ref="U3" pin="2" pinfunction="VSS" pintype="power_in"/>
      <node ref="U5" pin="1" pinfunction="GND" pintype="power_in"/>
      <node ref="U6" pin="8" pinfunction="GND" pintype="input"/>
    </net>
    <net code="24" name="IMU_SCL">
      <node ref="U1" pin="18" pinfunction="PD0" pintype="bidirectional"/>
      <node ref="U6" pin="6" pinfunction="SCL" pintype="input"/>
    </net>
    <net code="25" name="IMU_SDA">
      <node ref="U1" pin="19" pinfunction="PD1" pintype="bidirectional"/>
      <node ref="U6" pin="7" pinfunction="SDA" pintype="input"/>
    </net>
    <net code="26" name="LEDPWR_G">
      <node ref="R20" pin="1" pintype="passive"/>
      <node ref="U1" pin="27" pinfunction="PD7" pintype="bidirectional"/>
    </net>
    <net code="27" name="LEDPWR_R">
      <node ref="R16" pin="1" pintype="passive"/>
      <node ref="U1" pin="25" pinfunction="PD4" pintype="bidirectional"/>
    </net>
    <net code="28" name="LEDPWR_Y">
      <node ref="R17" pin="1" pintype="passive"/>
      <node ref="U1" pin="26" pinfunction="PD6" pintype="bidirectional"/>
    </net>
    <net code="29" name="LED_G">
      <node ref="J9" pin="2" pinfunction="Pin_2" pintype="passive"/>
      <node ref="Q6" pin="1" pinfunction="D" pintype="passive"/>
    </net>
    <net code="30" name="LED_R">
      <node ref="J9" pin="4" pinfunction="Pin_4" pintype="passive"/>
      <node ref="Q2" pin="1" pinfunction="D" pintype="passive"/>
    </net>
    <net code="31" name="LED_Y">
      <node ref="J9" pin="3" pinfunction="Pin_3" pintype="passive"/>
      <node ref="Q4" pin="1" pinfunction="D" pintype="passive"/>
    </net>
    <net code="32" name="Net-(D2-A)">
      <node ref="D2" pin="2" pinfunction="A" pintype="passive"/>
      <node ref="R9" pin="2" pintype="passive"/>
    </net>
    <net code="33" name="Net-(D4-A)">
      <node ref="D4" pin="2" pinfunction="A" pintype="passive"/>
      <node ref="J4" pin="1" pintype="passive"/>
    </net>
    <net code="34" name="Net-(D5-A)">
      <node ref="D5" pin="2" pinfunction="A" pintype="passive"/>
      <node ref="R7" pin="2" pintype="passive"/>
    </net>
    <net code="35" name="Net-(J3-VBUS)">
      <node ref="F1" pin="2" pintype="passive"/>
      <node ref="J3" pin="1" pinfunction="VBUS" pintype="power_out"/>
    </net>
    <net code="36" name="Net-(Q1-D)">
      <node ref="Q1" pin="1" pinfunction="D" pintype="passive"/>
      <node ref="Q2" pin="2" pinfunction="G" pintype="input"/>
      <node ref="R14" pin="2" pintype="passive"/>
    </net>
    <net code="37" name="Net-(Q1-G)">
      <node ref="Q1" pin="2" pinfunction="G" pintype="input"/>
      <node ref="R15" pin="1" pintype="passive"/>
      <node ref="R16" pin="2" pintype="passive"/>
    </net>
    <net code="38" name="Net-(Q3-D)">
      <node ref="Q3" pin="1" pinfunction="D" pintype="passive"/>
      <node ref="Q4" pin="2" pinfunction="G" pintype="input"/>
      <node ref="R19" pin="2" pintype="passive"/>
    </net>
    <net code="39" name="Net-(Q3-G)">
      <node ref="Q3" pin="2" pinfunction="G" pintype="input"/>
      <node ref="R17" pin="2" pintype="passive"/>
      <node ref="R18" pin="1" pintype="passive"/>
    </net>
    <net code="40" name="Net-(Q5-D)">
      <node ref="Q5" pin="1" pinfunction="D" pintype="passive"/>
      <node ref="Q6" pin="2" pinfunction="G" pintype="input"/>
      <node ref="R22" pin="2" pintype="passive"/>
    </net>
    <net code="41" name="Net-(Q5-G)">
      <node ref="Q5" pin="2" pinfunction="G" pintype="input"/>
      <node ref="R20" pin="2" pintype="passive"/>
      <node ref="R21" pin="1" pintype="passive"/>
    </net>
    <net code="42" name="Net-(U1-AREF)">
      <node ref="C3" pin="2" pintype="passive"/>
      <node ref="U1" pin="42" pinfunction="AREF" pintype="passive"/>
    </net>
    <net code="43" name="Net-(U1-UCAP)">
      <node ref="C4" pin="2" pintype="passive"/>
      <node ref="U1" pin="6" pinfunction="UCAP" pintype="passive"/>
    </net>
    <net code="44" name="Net-(U1-~{HWB}{slash}PE2)">
      <node ref="R4" pin="1" pintype="passive"/>
      <node ref="U1" pin="33" pinfunction="~{HWB}/PE2" pintype="bidirectional"/>
    </net>
    <net code="45" name="Net-(U2-OSC1)">
      <node ref="C2" pin="1" pintype="passive"/>
      <node ref="R1" pin="2" pintype="passive"/>
      <node ref="U2" pin="8" pinfunction="OSC1" pintype="input"/>
      <node ref="Y1" pin="1" pinfunction="1" pintype="passive"/>
    </net>
    <net code="46" name="Net-(U2-OSC2)">
      <node ref="C1" pin="2" pintype="passive"/>
      <node ref="R1" pin="1" pintype="passive"/>
      <node ref="U2" pin="7" pinfunction="OSC2" pintype="output"/>
      <node ref="Y1" pin="2" pinfunction="2" pintype="passive"/>
    </net>
    <net code="47" name="Net-(U2-RXCAN)">
      <node ref="U2" pin="2" pinfunction="RXCAN" pintype="input"/>
      <node ref="U3" pin="4" pinfunction="RXD" pintype="output"/>
    </net>
    <net code="48" name="Net-(U2-TXCAN)">
      <node ref="U2" pin="1" pinfunction="TXCAN" pintype="output"/>
      <node ref="U3" pin="1" pinfunction="TXD" pintype="input"/>
    </net>
    <net code="49" name="Net-(U2-~{RESET})">
      <node ref="R2" pin="2" pintype="passive"/>
      <node ref="U2" pin="17" pinfunction="~{RESET}" pintype="input"/>
    </net>
    <net code="50" name="Net-(U3-Rs)">
      <node ref="R12" pin="1" pintype="passive"/>
      <node ref="U3" pin="8" pinfunction="Rs" pintype="input"/>
    </net>
    <net code="51" name="Norm_Voltage">
      <node ref="R10" pin="2" pintype="passive"/>
      <node ref="R8" pin="2" pintype="passive"/>
      <node ref="U1" pin="41" pinfunction="PF0" pintype="bidirectional"/>
    </net>
    <net code="52" name="PWRIN">
      <node ref="C11" pin="2" pintype="passive"/>
      <node ref="C14" pin="2" pintype="passive"/>
      <node ref="D4" pin="1" pinfunction="K" pintype="passive"/>
      <node ref="Q2" pin="3" pinfunction="S" pintype="passive"/>
      <node ref="Q4" pin="3" pinfunction="S" pintype="passive"/>
      <node ref="Q6" pin="3" pinfunction="S" pintype="passive"/>
      <node ref="R14" pin="1" pintype="passive"/>
      <node ref="R19" pin="1" pintype="passive"/>
      <node ref="R22" pin="1" pintype="passive"/>
      <node ref="R8" pin="1" pintype="passive"/>
      <node ref="U5" pin="3" pinfunction="VI" pintype="power_in"/>
    </net>
    <net code="53" name="RST">
      <node ref="D1" pin="2" pinfunction="A" pintype="passive"/>
      <node ref="J6" pin="5" pinfunction="Pin_5" pintype="passive"/>
      <node ref="R3" pin="1" pintype="passive"/>
      <node ref="SW1" pin="2" pinfunction="2" pintype="passive"/>
      <node ref="U1" pin="13" pinfunction="~{RESET}" pintype="input"/>
    </net>
    <net code="54" name="SS">
      <node ref="U1" pin="8" pinfunction="PB0" pintype="bidirectional"/>
    </net>
    <net code="55" name="VBUS">
      <node ref="C7" pin="1" pintype="passive"/>
      <node ref="F1" pin="1" pintype="passive"/>
      <node ref="U1" pin="7" pinfunction="VBUS" pintype="input"/>
    </net>
    <net code="56" name="XTAL1">
      <node ref="C10" pin="1" pintype="passive"/>
      <node ref="R11" pin="2" pintype="passive"/>
      <node ref="U1" pin="17" pinfunction="XTAL1" pintype="input"/>
      <node ref="Y2" pin="1" pinfunction="1" pintype="passive"/>
    </net>
    <net code="57" name="XTAL2">
      <node ref="C9" pin="2" pintype="passive"/>
      <node ref="R11" pin="1" pintype="passive"/>
      <node ref="U1" pin="16" pinfunction="XTAL2" pintype="output"/>
      <node ref="Y2" pin="2" pinfunction="2" pintype="passive"/>
    </net>
    <net code="58" name="unconnected-(H1-Pad1)">
      <node ref="H1" pin="1" pinfunction="1" pintype="input+no_connect"/>
    </net>
    <net code="59" name="unconnected-(H2-Pad1)">
      <node ref="H2" pin="1" pinfunction="1" pintype="input+no_connect"/>
    </net>
    <net code="60" name="unconnected-(H3-Pad1)">
      <node ref="H3" pin="1" pinfunction="1" pintype="input+no_connect"/>
    </net>
    <net code="61" name="unconnected-(H4-Pad1)">
      <node ref="H4" pin="1" pinfunction="1" pintype="input+no_connect"/>
    </net>
    <net code="62" name="unconnected-(J3-ID-Pad4)">
      <node ref="J3" pin="4" pinfunction="ID" pintype="passive+no_connect"/>
    </net>
    <net code="63" name="unconnected-(J4-MountPin-PadMP)">
      <node ref="J4" pin="MP" pinfunction="MountPin" pintype="passive+no_connect"/>
    </net>
    <net code="64" name="unconnected-(U1-PB7-Pad12)">
      <node ref="U1" pin="12" pinfunction="PB7" pintype="bidirectional+no_connect"/>
    </net>
    <net code="65" name="unconnected-(U1-PD5-Pad22)">
      <node ref="U1" pin="22" pinfunction="PD5" pintype="bidirectional+no_connect"/>
    </net>
    <net code="66" name="unconnected-(U1-PE6-Pad1)">
      <node ref="U1" pin="1" pinfunction="PE6" pintype="bidirectional+no_connect"/>
    </net>
    <net code="67" name="unconnected-(U2-CLKOUT{slash}SOF-Pad3)">
      <node ref="U2" pin="3" pinfunction="CLKOUT/SOF" pintype="output+no_connect"/>
    </net>
    <net code="68" name="unconnected-(U2-~{RX0BF}-Pad11)">
      <node ref="U2" pin="11" pinfunction="~{RX0BF}" pintype="output+no_connect"/>
    </net>
    <net code="69" name="unconnected-(U2-~{RX1BF}-Pad10)">
      <node ref="U2" pin="10" pinfunction="~{RX1BF}" pintype="output+no_connect"/>
    </net>
    <net code="70" name="unconnected-(U2-~{TX0RTS}-Pad4)">
      <node ref="U2" pin="4" pinfunction="~{TX0RTS}" pintype="input+no_connect"/>
    </net>
    <net code="71" name="unconnected-(U2-~{TX1RTS}-Pad5)">
      <node ref="U2" pin="5" pinfunction="~{TX1RTS}" pintype="input+no_connect"/>
    </net>
    <net code="72" name="unconnected-(U2-~{TX2RTS}-Pad6)">
      <node ref="U2" pin="6" pinfunction="~{TX2RTS}" pintype="input+no_connect"/>
    </net>
    <net code="73" name="unconnected-(U3-Vref-Pad5)">
      <node ref="U3" pin="5" pinfunction="Vref" pintype="power_out+no_connect"/>
    </net>
    <net code="74" name="unconnected-(U6-3Vo-Pad9)">
      <node ref="U6" pin="9" pinfunction="3Vo" pintype="input+no_connect"/>
    </net>
    <net code="75" name="unconnected-(U6-ADR-Pad4)">
      <node ref="U6" pin="4" pinfunction="ADR" pintype="input+no_connect"/>
    </net>
    <net code="76" name="unconnected-(U6-INT-Pad3)">
      <node ref="U6" pin="3" pinfunction="INT" pintype="input+no_connect"/>
    </net>
    <net code="77" name="unconnected-(U6-PS0-Pad1)">
      <node ref="U6" pin="1" pinfunction="PS0" pintype="input+no_connect"/>
    </net>
    <net code="78" name="unconnected-(U6-PS1-Pad2)">
      <node ref="U6" pin="2" pinfunction="PS1" pintype="input+no_connect"/>
    </net>
    <net code="79" name="unconnected-(U6-RST-Pad5)">
      <node ref="U6" pin="5" pinfunction="RST" pintype="input+no_connect"/>
    </net>
  </nets>
</export>
